Título,Link
第二十一章 木头匣子,https://www.zhenhunxiaoshuo.com/11126.html
第二十三章 城外金山,https://www.zhenhunxiaoshuo.com/11128.html
第二十五章 魏紫衣,https://www.zhenhunxiaoshuo.com/11129.html
第二十五章 归来庄,https://www.zhenhunxiaoshuo.com/11130.html
第二十六章 一道回王城,https://www.zhenhunxiaoshuo.com/11131.html
第九十五章 紫龙玦,https://www.zhenhunxiaoshuo.com/11201.html
第九十六章 大战前夕,https://www.zhenhunxiaoshuo.com/11202.html
第九十七章 隋洲乱,https://www.zhenhunxiaoshuo.com/11203.html
第一百二十八章 误打误撞,https://www.zhenhunxiaoshuo.com/11234.html
第一百二九章 出征,https://www.zhenhunxiaoshuo.com/11235.html
第一百三十章 两个秃头,https://www.zhenhunxiaoshuo.com/11236.html
第一百三十一章 妙心,https://www.zhenhunxiaoshuo.com/11237.html
第一百四十三章 破阵,https://www.zhenhunxiaoshuo.com/11249.html
第一百一十四章 蜃影,https://www.zhenhunxiaoshuo.com/11250.html
第一百四十五章 毒雾,https://www.zhenhunxiaoshuo.com/11251.html
第一百四十六章 怎么回事,https://www.zhenhunxiaoshuo.com/11252.html
第一百五十二章 魔音,https://www.zhenhunxiaoshuo.com/11257.html
第一百五十二章 缘分,https://www.zhenhunxiaoshuo.com/11258.html
第154章 【520番外】年少,https://www.zhenhunxiaoshuo.com/11259.html
第一百五十三章 再度交锋,https://www.zhenhunxiaoshuo.com/11260.html
第一百五十四章 变故,https://www.zhenhunxiaoshuo.com/11261.html
第一百五十五章 天之涯,https://www.zhenhunxiaoshuo.com/11262.html
第一百五十六章 不如拐去打仗,https://www.zhenhunxiaoshuo.com/11263.html
第一百五十七章 寻回,https://www.zhenhunxiaoshuo.com/11264.html
第一百五十八章 相见,https://www.zhenhunxiaoshuo.com/11265.html
第一百五十九章 有情人,https://www.zhenhunxiaoshuo.com/11266.html
第一百六十章 荒岛隐情,https://www.zhenhunxiaoshuo.com/11267.html
第一百六十一章 温存,https://www.zhenhunxiaoshuo.com/11268.html
第一百六十二章 师父,https://www.zhenhunxiaoshuo.com/11269.html
第一百六十四章 到底珠子有何用,https://www.zhenhunxiaoshuo.com/11270.html
第一百六十四章 大军出战,https://www.zhenhunxiaoshuo.com/11271.html
第一百六十五章 怪声,https://www.zhenhunxiaoshuo.com/11272.html
第一百六十六章 不如辞官,https://www.zhenhunxiaoshuo.com/11273.html
第一百六十七章 攻岛,https://www.zhenhunxiaoshuo.com/11274.html
第一百六十八章 得胜,https://www.zhenhunxiaoshuo.com/11275.html
第一百六十九章 意外收获,https://www.zhenhunxiaoshuo.com/11276.html
第一百七十章 所谓普天同庆,https://www.zhenhunxiaoshuo.com/11277.html
第一百七十一章 大师你好,https://www.zhenhunxiaoshuo.com/11278.html
第一百七十二章 离镜,https://www.zhenhunxiaoshuo.com/11279.html
第一百七十三章 僵尸,https://www.zhenhunxiaoshuo.com/11280.html
第一百七十四章 玄机,https://www.zhenhunxiaoshuo.com/11281.html
第一百七十五章 -冰棺,https://www.zhenhunxiaoshuo.com/11282.html
第一百七十六章 木偶,https://www.zhenhunxiaoshuo.com/11283.html
第一百七十七章 终战（上）,https://www.zhenhunxiaoshuo.com/11284.html
第一百七十八章 终战（中）,https://www.zhenhunxiaoshuo.com/11285.html
第一百七十九章 终战（下）,https://www.zhenhunxiaoshuo.com/11286.html
第一百八十章 误打误撞,https://www.zhenhunxiaoshuo.com/11287.html
第一百八十一章 返程,https://www.zhenhunxiaoshuo.com/11288.html
第一百八十二章 回家,https://www.zhenhunxiaoshuo.com/11289.html
第一百八十三章 成亲,https://www.zhenhunxiaoshuo.com/11290.html
第一百八十四章 新婚,https://www.zhenhunxiaoshuo.com/11291.html
第一百八十五章 回宫,https://www.zhenhunxiaoshuo.com/11292.html
第一百八十六章 婚后,https://www.zhenhunxiaoshuo.com/11293.html
第一百八十七章 新年,https://www.zhenhunxiaoshuo.com/11294.html
第一百八十八章 七绝王要来,https://www.zhenhunxiaoshuo.com/11295.html
第一百八十九章 师父,https://www.zhenhunxiaoshuo.com/11296.html
第一百九十章 普天同庆,https://www.zhenhunxiaoshuo.com/11297.html
第一百九十一章 乐土,https://www.zhenhunxiaoshuo.com/11298.html
第194章 番外蝴蝶会①,https://www.zhenhunxiaoshuo.com/11299.html
第195章 番外蝴蝶会②,https://www.zhenhunxiaoshuo.com/11300.html
第196章 番外蝴蝶会③,https://www.zhenhunxiaoshuo.com/11301.html
第197章 番外蝴蝶会④,https://www.zhenhunxiaoshuo.com/11302.html
第198章 番外蝴蝶会⑤（完）,https://www.zhenhunxiaoshuo.com/11303.html
第199章 番外比武（上）,https://www.zhenhunxiaoshuo.com/11304.html
第200章 番外比武（下）,https://www.zhenhunxiaoshuo.com/11305.html
第201章 番外西南府日常,https://www.zhenhunxiaoshuo.com/11306.html